{
  "IcoMoonType": "selection",
  "icons": [
    {
      "icon": {
        "paths": [
          "M863.004 527.019c0 238.155-193.063 431.218-431.218 431.218s-431.218-193.063-431.218-431.218c0-238.155 193.063-431.218 431.218-431.218s431.218 193.063 431.218 431.218z"
        ],
        "attrs": [
          {
            "fill": "rgb(0, 194, 128)"
          }
        ],
        "width": 910,
        "isMulticolor": false,
        "isMulticolor2": false,
        "grid": 0,
        "tags": [
          "Ellipse 12m"
        ]
      },
      "attrs": [
        {
          "fill": "rgb(0, 194, 128)"
        }
      ],
      "properties": {
        "order": 43,
        "id": 16,
        "name": "Ellipse-12m",
        "prevSize": 32
      },
      "setIdx": 7,
      "setId": 4,
      "iconIdx": 0
    },
    {
      "icon": {
        "paths": [
          "M864.711 527.019c0 238.155-193.063 431.218-431.218 431.218s-431.218-193.063-431.218-431.218c0-238.155 193.063-431.218 431.218-431.218s431.218 193.063 431.218 431.218z"
        ],
        "attrs": [
          {
            "fill": "rgb(254, 195, 2)"
          }
        ],
        "width": 910,
        "isMulticolor": false,
        "isMulticolor2": false,
        "grid": 0,
        "tags": [
          "Ellipse 13m"
        ]
      },
      "attrs": [
        {
          "fill": "rgb(254, 195, 2)"
        }
      ],
      "properties": {
        "order": 44,
        "id": 15,
        "name": "Ellipse-13m",
        "prevSize": 32
      },
      "setIdx": 7,
      "setId": 4,
      "iconIdx": 1
    },
    {
      "icon": {
        "paths": [
          "M865.621 527.019c0 238.155-193.063 431.218-431.218 431.218s-431.218-193.063-431.218-431.218c0-238.155 193.063-431.218 431.218-431.218s431.218 193.063 431.218 431.218z"
        ],
        "attrs": [
          {
            "fill": "rgb(0, 136, 254)"
          }
        ],
        "width": 910,
        "isMulticolor": false,
        "isMulticolor2": false,
        "grid": 0,
        "tags": [
          "Ellipse 14m"
        ]
      },
      "attrs": [
        {
          "fill": "rgb(0, 136, 254)"
        }
      ],
      "properties": {
        "order": 45,
        "id": 14,
        "name": "Ellipse-14m",
        "prevSize": 32
      },
      "setIdx": 7,
      "setId": 4,
      "iconIdx": 2
    },
    {
      "icon": {
        "paths": [
          "M866.418 527.019c0 238.155-193.063 431.218-431.218 431.218s-431.218-193.063-431.218-431.218c0-238.155 193.063-431.218 431.218-431.218s431.218 193.063 431.218 431.218z"
        ],
        "attrs": [
          {
            "fill": "rgb(117, 55, 251)"
          }
        ],
        "width": 910,
        "isMulticolor": false,
        "isMulticolor2": false,
        "grid": 0,
        "tags": [
          "Ellipse 15m"
        ]
      },
      "attrs": [
        {
          "fill": "rgb(117, 55, 251)"
        }
      ],
      "properties": {
        "order": 46,
        "id": 13,
        "name": "Ellipse-15m",
        "prevSize": 32
      },
      "setIdx": 7,
      "setId": 4,
      "iconIdx": 3
    },
    {
      "icon": {
        "paths": [
          "M867.214 527.019c0 238.155-193.063 431.218-431.218 431.218s-431.218-193.063-431.218-431.218c0-238.155 193.063-431.218 431.218-431.218s431.218 193.063 431.218 431.218z"
        ],
        "attrs": [
          {
            "fill": "rgb(0, 45, 83)"
          }
        ],
        "width": 910,
        "isMulticolor": false,
        "isMulticolor2": false,
        "grid": 0,
        "tags": [
          "Ellipse 16m"
        ]
      },
      "attrs": [
        {
          "fill": "rgb(0, 45, 83)"
        }
      ],
      "properties": {
        "order": 47,
        "id": 12,
        "name": "Ellipse-16m",
        "prevSize": 32
      },
      "setIdx": 7,
      "setId": 4,
      "iconIdx": 4
    },
    {
      "icon": {
        "paths": [
          "M1015.524 522.297c0 266.463-216.011 482.475-482.475 482.475s-482.475-216.011-482.475-482.475c0-266.463 216.011-482.475 482.475-482.475s482.475 216.011 482.475 482.475z"
        ],
        "attrs": [
          {
            "fill": "rgb(0, 194, 128)"
          }
        ],
        "isMulticolor": false,
        "isMulticolor2": false,
        "grid": 0,
        "tags": [
          "Ellipse 26m"
        ]
      },
      "attrs": [
        {
          "fill": "rgb(0, 194, 128)"
        }
      ],
      "properties": {
        "order": 48,
        "id": 11,
        "name": "Ellipse-26m",
        "prevSize": 32
      },
      "setIdx": 7,
      "setId": 4,
      "iconIdx": 5
    },
    {
      "icon": {
        "paths": [
          "M1984 32c0 547.866-444.134 992-992 992s-992-444.134-992-992v0h1984z"
        ],
        "attrs": [
          {
            "fill": "rgb(0, 137, 253)"
          }
        ],
        "width": 1984,
        "isMulticolor": false,
        "isMulticolor2": false,
        "grid": 0,
        "tags": [
          "Ellipse 44m"
        ]
      },
      "attrs": [
        {
          "fill": "rgb(0, 137, 253)"
        }
      ],
      "properties": {
        "order": 49,
        "id": 10,
        "name": "Ellipse-44m",
        "prevSize": 32
      },
      "setIdx": 7,
      "setId": 4,
      "iconIdx": 6
    },
    {
      "icon": {
        "paths": [
          "M1024 512c0 282.77-229.23 512-512 512s-512-229.23-512-512c0-282.77 229.23-512 512-512s512 229.23 512 512z"
        ],
        "attrs": [
          {
            "fill": "rgb(248, 188, 24)"
          }
        ],
        "isMulticolor": false,
        "isMulticolor2": false,
        "grid": 0,
        "tags": [
          "Ellipse 80m"
        ]
      },
      "attrs": [
        {
          "fill": "rgb(248, 188, 24)"
        }
      ],
      "properties": {
        "order": 50,
        "id": 9,
        "name": "Ellipse-80m",
        "prevSize": 32
      },
      "setIdx": 7,
      "setId": 4,
      "iconIdx": 7
    },
    {
      "icon": {
        "paths": [
          "M1024 512c0 282.77-229.23 512-512 512s-512-229.23-512-512c0-282.77 229.23-512 512-512s512 229.23 512 512z"
        ],
        "attrs": [
          {
            "fill": "rgb(0, 194, 128)"
          }
        ],
        "isMulticolor": false,
        "isMulticolor2": false,
        "grid": 0,
        "tags": [
          "Ellipse 81m"
        ]
      },
      "attrs": [
        {
          "fill": "rgb(0, 194, 128)"
        }
      ],
      "properties": {
        "order": 51,
        "id": 8,
        "name": "Ellipse-81m",
        "prevSize": 32
      },
      "setIdx": 7,
      "setId": 4,
      "iconIdx": 8
    },
    {
      "icon": {
        "paths": [
          "M1024 512c0 282.77-229.23 512-512 512s-512-229.23-512-512c0-282.77 229.23-512 512-512s512 229.23 512 512z"
        ],
        "attrs": [
          {
            "fill": "rgb(117, 56, 255)"
          }
        ],
        "isMulticolor": false,
        "isMulticolor2": false,
        "grid": 0,
        "tags": [
          "Ellipse 82m"
        ]
      },
      "attrs": [
        {
          "fill": "rgb(117, 56, 255)"
        }
      ],
      "properties": {
        "order": 52,
        "id": 7,
        "name": "Ellipse-82m",
        "prevSize": 32
      },
      "setIdx": 7,
      "setId": 4,
      "iconIdx": 9
    },
    {
      "icon": {
        "paths": [
          "M1024 512c0 282.77-229.23 512-512 512s-512-229.23-512-512c0-282.77 229.23-512 512-512s512 229.23 512 512z"
        ],
        "attrs": [
          {
            "fill": "rgb(248, 52, 96)"
          }
        ],
        "isMulticolor": false,
        "isMulticolor2": false,
        "grid": 0,
        "tags": [
          "Ellipse 83m"
        ]
      },
      "attrs": [
        {
          "fill": "rgb(248, 52, 96)"
        }
      ],
      "properties": {
        "order": 53,
        "id": 6,
        "name": "Ellipse-83m",
        "prevSize": 32
      },
      "setIdx": 7,
      "setId": 4,
      "iconIdx": 10
    },
    {
      "icon": {
        "paths": [
          "M0-792.774h1828.071v1816.774h-1828.071z",
          "M0 19.687h1828.071v101.574h-1828.071zM0 222.803h1828.071v101.574h-1828.071zM0 425.918h1828.071v101.574h-1828.071zM0 629.066h1828.071v101.574h-1828.071zM0 832.149h1828.071v101.574h-1828.071z"
        ],
        "attrs": [
          {
            "fill": "rgb(255, 195, 1)"
          },
          {
            "fill": "rgb(118, 54, 254)"
          }
        ],
        "width": 1817,
        "isMulticolor": true,
        "isMulticolor2": false,
        "grid": 0,
        "tags": [
          "Mask Groupm"
        ]
      },
      "attrs": [
        {
          "fill": "rgb(255, 195, 1)"
        },
        {
          "fill": "rgb(118, 54, 254)"
        }
      ],
      "properties": {
        "order": 54,
        "id": 5,
        "name": "Mask-Groupm",
        "prevSize": 32
      },
      "setIdx": 7,
      "setId": 4,
      "iconIdx": 11
    },
    {
      "icon": {
        "paths": [
          "M0 0h2361.259v2346.667h-2361.259z",
          "M0 0h2361.259v131.2h-2361.259zM0 262.357h2361.259v131.2h-2361.259zM0 524.715h2361.259v131.2h-2361.259zM0 787.072h2361.259v131.2h-2361.259z"
        ],
        "attrs": [
          {
            "fill": "rgb(255, 195, 1)"
          },
          {
            "fill": "rgb(118, 54, 254)"
          }
        ],
        "width": 2347,
        "isMulticolor": true,
        "isMulticolor2": false,
        "grid": 0,
        "tags": [
          "Mask Grouptopm"
        ]
      },
      "attrs": [
        {
          "fill": "rgb(255, 195, 1)"
        },
        {
          "fill": "rgb(118, 54, 254)"
        }
      ],
      "properties": {
        "order": 55,
        "id": 4,
        "name": "Mask-Grouptopm",
        "prevSize": 32
      },
      "setIdx": 7,
      "setId": 4,
      "iconIdx": 12
    },
    {
      "icon": {
        "paths": [
          "M13.376 63.040h923.904v923.904h-923.904z"
        ],
        "attrs": [
          {
            "fill": "rgb(255, 195, 0)"
          }
        ],
        "width": 960,
        "isMulticolor": false,
        "isMulticolor2": false,
        "grid": 0,
        "tags": [
          "Rectangle 28m"
        ]
      },
      "attrs": [
        {
          "fill": "rgb(255, 195, 0)"
        }
      ],
      "properties": {
        "order": 56,
        "id": 3,
        "name": "Rectangle-28m",
        "prevSize": 32
      },
      "setIdx": 7,
      "setId": 4,
      "iconIdx": 13
    },
    {
      "icon": {
        "paths": [
          "M0 51.2c0 28.277 22.923 51.2 51.2 51.2v0h2560c28.277 0 51.2-22.923 51.2-51.2s-22.923-51.2-51.2-51.2v0h-2560c-28.277 0-51.2 22.923-51.2 51.2v0zM0 358.4c0 28.277 22.923 51.2 51.2 51.2v0h2560c28.277 0 51.2-22.923 51.2-51.2s-22.923-51.2-51.2-51.2v0h-2560c-28.277 0-51.2 22.923-51.2 51.2v0zM2662.4 665.6c0 28.277-22.923 51.2-51.2 51.2v0h-2560c-28.277 0-51.2-22.923-51.2-51.2s22.923-51.2 51.2-51.2v0h2560c28.277 0 51.2 22.923 51.2 51.2v0zM1331.2 972.8c0 28.277 22.923 51.2 51.2 51.2v0h1228.8c28.277 0 51.2-22.923 51.2-51.2s-22.923-51.2-51.2-51.2v0h-1228.8c-28.277 0-51.2 22.923-51.2 51.2v0z",
          "M0 51.2c0 28.277 22.923 51.2 51.2 51.2v0h2560c28.277 0 51.2-22.923 51.2-51.2s-22.923-51.2-51.2-51.2v0h-2560c-28.277 0-51.2 22.923-51.2 51.2v0zM0 358.4c0 28.277 22.923 51.2 51.2 51.2v0h2560c28.277 0 51.2-22.923 51.2-51.2s-22.923-51.2-51.2-51.2v0h-2560c-28.277 0-51.2 22.923-51.2 51.2v0zM2662.4 665.6c0 28.277-22.923 51.2-51.2 51.2v0h-2560c-28.277 0-51.2-22.923-51.2-51.2s22.923-51.2 51.2-51.2v0h2560c28.277 0 51.2 22.923 51.2 51.2v0zM1331.2 972.8c0 28.277 22.923 51.2 51.2 51.2v0h1228.8c28.277 0 51.2-22.923 51.2-51.2s-22.923-51.2-51.2-51.2v0h-1228.8c-28.277 0-51.2 22.923-51.2 51.2v0z"
        ],
        "attrs": [
          {
            "fill": "rgb(250, 52, 101)"
          },
          {
            "fill": "rgb(0, 0, 0)",
            "opacity": 0.2
          }
        ],
        "width": 2662,
        "isMulticolor": true,
        "isMulticolor2": true,
        "grid": 0,
        "tags": [
          "Unionm"
        ]
      },
      "attrs": [
        {
          "fill": "rgb(250, 52, 101)"
        },
        {
          "fill": "rgb(0, 0, 0)",
          "opacity": 0.2
        }
      ],
      "properties": {
        "order": 57,
        "id": 2,
        "name": "Unionm",
        "prevSize": 32
      },
      "setIdx": 7,
      "setId": 4,
      "iconIdx": 14
    },
    {
      "icon": {
        "paths": [
          "M145.408 102.4l438.477 409.6-438.477 409.6"
        ],
        "attrs": [
          {
            "fill": "none",
            "stroke": "rgb(212, 20, 67)",
            "strokeLinejoin": "round",
            "strokeLinecap": "round",
            "strokeMiterlimit": "4",
            "strokeWidth": 204.8
          }
        ],
        "width": 717,
        "isMulticolor": false,
        "isMulticolor2": false,
        "grid": 0,
        "tags": [
          "Vectored"
        ]
      },
      "attrs": [
        {
          "fill": "none",
          "stroke": "rgb(212, 20, 67)",
          "strokeLinejoin": "round",
          "strokeLinecap": "round",
          "strokeMiterlimit": "4",
          "strokeWidth": 204.8
        }
      ],
      "properties": {
        "order": 58,
        "id": 1,
        "name": "Vectored",
        "prevSize": 32
      },
      "setIdx": 7,
      "setId": 4,
      "iconIdx": 15
    },
    {
      "icon": {
        "paths": [
          "M102.4 102.4l369.664 409.6-369.664 409.6"
        ],
        "attrs": [
          {
            "fill": "none",
            "stroke": "rgb(255, 255, 255)",
            "strokeLinejoin": "round",
            "strokeLinecap": "round",
            "strokeMiterlimit": "4",
            "strokeWidth": 204.8
          }
        ],
        "width": 614,
        "isMulticolor": false,
        "isMulticolor2": false,
        "grid": 0,
        "tags": [
          "Vector1"
        ]
      },
      "attrs": [
        {
          "fill": "none",
          "stroke": "rgb(255, 255, 255)",
          "strokeLinejoin": "round",
          "strokeLinecap": "round",
          "strokeMiterlimit": "4",
          "strokeWidth": 204.8
        }
      ],
      "properties": {
        "order": 59,
        "id": 0,
        "name": "Vector1",
        "prevSize": 32
      },
      "setIdx": 7,
      "setId": 4,
      "iconIdx": 16
    },
    {
      "icon": {
        "paths": [
          "M1828.096 548.096c9.201-9.255 14.889-22.011 14.889-36.096s-5.687-26.842-14.891-36.098l0.002 0.002-325.376-325.888c-9.271-9.271-22.078-15.004-36.224-15.004-28.293 0-51.228 22.936-51.228 51.228 0 14.146 5.734 26.953 15.004 36.224l289.28 289.536-289.536 289.536c-9.271 9.271-15.004 22.078-15.004 36.224 0 28.293 22.936 51.228 51.228 51.228 14.146 0 26.953-5.734 36.224-15.004l0-0 325.376-325.888zM192 563.2h1600v-102.4h-1600v102.4z"
        ],
        "attrs": [
          {
            "fill": "rgb(255, 255, 255)"
          }
        ],
        "width": 2048,
        "isMulticolor": false,
        "isMulticolor2": false,
        "grid": 0,
        "tags": [
          "Arrow 1m"
        ],
        "colorPermutations": {
          "199196212552552551": [
            {
              "f": 1
            }
          ]
        }
      },
      "attrs": [
        {
          "fill": "rgb(255, 255, 255)"
        }
      ],
      "properties": {
        "order": 60,
        "id": 2,
        "name": "Arrow-1m",
        "prevSize": 32
      },
      "setIdx": 8,
      "setId": 3,
      "iconIdx": 0
    },
    {
      "icon": {
        "paths": [
          "M6948.096 548.096c9.201-9.255 14.889-22.011 14.889-36.096s-5.687-26.842-14.891-36.098l0.002 0.002-325.376-325.888c-9.271-9.271-22.078-15.004-36.224-15.004-28.293 0-51.228 22.936-51.228 51.228 0 14.146 5.734 26.953 15.004 36.224l289.28 289.536-289.536 289.536c-9.271 9.271-15.004 22.078-15.004 36.224 0 28.293 22.936 51.228 51.228 51.228 14.146 0 26.953-5.734 36.224-15.004l325.632-325.888zM0 563.2h6912v-102.4h-6912v102.4z"
        ],
        "attrs": [
          {}
        ],
        "width": 7168,
        "isMulticolor": false,
        "isMulticolor2": false,
        "grid": 0,
        "tags": [
          "Arrow 4m"
        ],
        "colorPermutations": {
          "199196212552552551": [
            {}
          ]
        }
      },
      "attrs": [
        {}
      ],
      "properties": {
        "order": 62,
        "id": 1,
        "name": "Arrow-4m",
        "prevSize": 32
      },
      "setIdx": 8,
      "setId": 3,
      "iconIdx": 1
    },
    {
      "icon": {
        "paths": [
          "M621.254 877.254l320-320c24.994-24.992 24.994-65.516 0-90.51l-320-320c-24.994-24.992-65.516-24.992-90.51 0-24.994 24.994-24.994 65.516 0 90.51l210.746 210.746h-613.49c-35.346 0-64 28.654-64 64s28.654 64 64 64h613.49l-210.746 210.746c-12.496 12.496-18.744 28.876-18.744 45.254s6.248 32.758 18.744 45.254c24.994 24.994 65.516 24.994 90.51 0z"
        ],
        "tags": [
          "arrow-right",
          "right",
          "next"
        ],
        "defaultCode": 59964,
        "grid": 16,
        "attrs": []
      },
      "attrs": [],
      "properties": {
        "ligatures": "arrow-right2, right4",
        "name": "arrow-right2",
        "order": 16,
        "id": 317,
        "prevSize": 32
      },
      "setIdx": 10,
      "setId": 1,
      "iconIdx": 316
    },
    {
      "icon": {
        "paths": [
          "M0 512c0 282.77 229.23 512 512 512s512-229.23 512-512-229.23-512-512-512-512 229.23-512 512zM928 512c0 229.75-186.25 416-416 416s-416-186.25-416-416 186.25-416 416-416 416 186.25 416 416z",
          "M706.744 669.256l90.512-90.512-285.256-285.254-285.254 285.256 90.508 90.508 194.746-194.744z"
        ],
        "tags": [
          "circle-up",
          "up",
          "circle-top",
          "arrow"
        ],
        "defaultCode": 59969,
        "grid": 16,
        "attrs": []
      },
      "attrs": [],
      "properties": {
        "ligatures": "circle-up, up3",
        "name": "circle-up",
        "order": 37,
        "id": 322,
        "prevSize": 32
      },
      "setIdx": 10,
      "setId": 1,
      "iconIdx": 321
    }
  ],
  "height": 1024,
  "preferences": {
    "showGlyphs": true,
    "showQuickUse": true,
    "showQuickUse2": true,
    "showSVGs": true,
    "fontPref": {
      "prefix": "icon-",
      "metadata": {
        "fontFamily": "icomoon"
      },
      "metrics": {
        "emSize": 1024,
        "baseline": 6.25,
        "whitespace": 50
      },
      "embed": false
    },
    "imagePref": {
      "prefix": "icon-",
      "png": true,
      "useClassSelector": true,
      "color": 0,
      "bgColor": 16777215,
      "classSelector": ".icon",
      "name": "icomoon",
      "height": 32,
      "columns": 16,
      "margin": 16
    },
    "historySize": 50,
    "showCodes": true,
    "gridSize": 16
  }
}